date,국고1Y,국고2Y,국고3Y,국고5Y,국고10Y,국고20Y,국고30Y,AA공모1Y,AA공모2Y,AA공모3Y,AA공모5Y,spread_credit_3Y,spread_credit_5Y,spread_kt_10_3,spread_kt_30_10
2025-04-09,2.518,2.47,2.43,2.527,2.725,2.65,2.55,2.864,2.891,2.953,3.094,52.3,56.7,29.5,-17.5
2025-04-10,2.513,2.482,2.44,2.522,2.712,2.645,2.545,2.865,2.906,2.964,3.09,52.4,56.8,27.2,-16.7
2025-04-11,2.503,2.452,2.4,2.49,2.69,2.637,2.54,2.858,2.87,2.927,3.057,52.7,56.7,29.0,-15.0
2025-04-14,2.494,2.453,2.412,2.515,2.687,2.627,2.53,2.856,2.875,2.94,3.082,52.8,56.7,27.5,-15.7
2025-04-15,2.48,2.444,2.397,2.502,2.662,2.592,2.495,2.855,2.866,2.927,3.068,53.0,56.6,26.5,-16.7
2025-04-16,2.441,2.377,2.331,2.452,2.62,2.552,2.455,2.834,2.819,2.87,3.022,53.9,57.0,28.9,-16.5
2025-04-17,2.425,2.425,2.385,2.487,2.647,2.586,2.492,2.836,2.862,2.916,3.058,53.1,57.1,26.2,-15.5
2025-04-18,2.408,2.391,2.351,2.46,2.615,2.559,2.46,2.831,2.837,2.889,3.031,53.8,57.1,26.4,-15.5
2025-04-21,2.401,2.366,2.32,2.422,2.595,2.547,2.448,2.819,2.822,2.857,2.994,53.7,57.2,27.5,-14.7
2025-04-22,2.4,2.372,2.325,2.437,2.62,2.577,2.492,2.823,2.827,2.858,3.007,53.3,57.0,29.5,-12.8
2025-04-23,2.4,2.379,2.333,2.43,2.592,2.57,2.485,2.823,2.831,2.868,2.999,53.5,56.9,25.9,-10.7
2025-04-24,2.4,2.382,2.342,2.447,2.62,2.587,2.505,2.826,2.842,2.881,3.016,53.9,56.9,27.8,-11.5
2025-04-25,2.389,2.352,2.305,2.405,2.578,2.557,2.475,2.817,2.819,2.849,2.975,54.4,57.0,27.3,-10.3
2025-04-28,2.388,2.355,2.315,2.415,2.59,2.55,2.465,2.813,2.818,2.852,2.981,53.7,56.6,27.5,-12.5
2025-04-29,2.386,2.355,2.315,2.425,2.61,2.572,2.497,2.811,2.817,2.854,2.989,53.9,56.4,29.5,-11.3
2025-04-30,2.378,2.321,2.272,2.375,2.57,2.545,2.47,2.801,2.783,2.813,2.942,54.1,56.7,29.8,-10.0
2025-05-02,2.347,2.325,2.282,2.395,2.595,2.555,2.477,2.795,2.784,2.824,2.962,54.2,56.7,31.3,-11.8
2025-05-07,2.315,2.298,2.252,2.375,2.602,2.572,2.492,2.776,2.759,2.793,2.942,54.1,56.7,35.0,-11.0
2025-05-08,2.312,2.32,2.28,2.4,2.625,2.6,2.52,2.773,2.777,2.818,2.964,53.8,56.4,34.5,-10.5
2025-05-09,2.312,2.352,2.33,2.45,2.672,2.642,2.552,2.773,2.811,2.867,3.013,53.7,56.3,34.2,-12.0
2025-05-12,2.307,2.349,2.327,2.452,2.692,2.665,2.577,2.764,2.809,2.861,3.015,53.4,56.3,36.5,-11.5
2025-05-13,2.31,2.385,2.37,2.497,2.725,2.685,2.59,2.755,2.84,2.902,3.059,53.2,56.2,35.5,-13.5
2025-05-14,2.293,2.363,2.35,2.48,2.712,2.677,2.577,2.738,2.824,2.882,3.042,53.2,56.2,36.2,-13.5
2025-05-15,2.286,2.361,2.35,2.48,2.71,2.685,2.585,2.729,2.818,2.88,3.041,53.0,56.1,36.0,-12.5
2025-05-16,2.27,2.332,2.315,2.44,2.67,2.665,2.572,2.703,2.79,2.845,3.001,53.0,56.1,35.5,-9.8
2025-05-19,2.285,2.362,2.36,2.505,2.745,2.724,2.635,2.702,2.822,2.89,3.065,53.0,56.0,38.5,-11.0
2025-05-20,2.272,2.34,2.332,2.477,2.722,2.69,2.607,2.695,2.798,2.859,3.037,52.7,56.0,39.0,-11.5
2025-05-21,2.272,2.344,2.343,2.5,2.76,2.718,2.628,2.69,2.798,2.871,3.058,52.8,55.8,41.7,-13.2
2025-05-22,2.275,2.328,2.325,2.482,2.74,2.715,2.63,2.68,2.783,2.855,3.04,53.0,55.8,41.5,-11.0
2025-05-23,2.279,2.332,2.332,2.495,2.765,2.736,2.64,2.676,2.784,2.858,3.051,52.6,55.6,43.3,-12.5
2025-05-26,2.275,2.335,2.348,2.502,2.77,2.74,2.637,2.671,2.789,2.87,3.058,52.2,55.6,42.2,-13.3
2025-05-27,2.263,2.327,2.332,2.472,2.705,2.69,2.583,2.661,2.781,2.849,3.026,51.7,55.4,37.3,-12.2
2025-05-28,2.249,2.311,2.307,2.46,2.702,2.68,2.572,2.656,2.759,2.821,3.011,51.4,55.1,39.5,-13.0
2025-05-29,2.249,2.327,2.34,2.5,2.76,2.72,2.617,2.66,2.764,2.847,3.049,50.7,54.9,42.0,-14.3
2025-05-30,2.247,2.327,2.335,2.505,2.772,2.725,2.625,2.656,2.765,2.84,3.055,50.5,55.0,43.7,-14.7
2025-06-02,2.232,2.327,2.335,2.515,2.795,2.745,2.652,2.654,2.761,2.838,3.064,50.3,54.9,46.0,-14.3
2025-06-04,2.245,2.38,2.412,2.602,2.892,2.86,2.775,2.658,2.806,2.905,3.146,49.3,54.4,48.0,-11.7
2025-06-05,2.245,2.378,2.412,2.597,2.89,2.841,2.756,2.64,2.794,2.902,3.14,49.0,54.3,47.8,-13.4
2025-06-09,2.242,2.365,2.395,2.557,2.862,2.824,2.747,2.629,2.783,2.882,3.099,48.7,54.2,46.7,-11.5
2025-06-10,2.257,2.381,2.385,2.563,2.827,2.833,2.755,2.618,2.795,2.882,3.106,49.7,54.3,44.2,-7.2
2025-06-11,2.266,2.41,2.417,2.582,2.835,2.842,2.751,2.615,2.805,2.91,3.123,49.3,54.1,41.8,-8.4
2025-06-12,2.273,2.413,2.422,2.572,2.82,2.835,2.747,2.613,2.802,2.911,3.112,48.9,54.0,39.8,-7.3
2025-06-13,2.28,2.455,2.462,2.598,2.845,2.8,2.717,2.615,2.846,2.949,3.138,48.7,54.0,38.3,-12.8
2025-06-16,2.284,2.469,2.482,2.627,2.87,2.832,2.755,2.615,2.86,2.966,3.162,48.4,53.5,38.8,-11.5
2025-06-17,2.285,2.431,2.44,2.61,2.867,2.827,2.738,2.617,2.829,2.921,3.143,48.1,53.3,42.7,-12.9
2025-06-18,2.291,2.463,2.467,2.637,2.875,2.831,2.732,2.603,2.848,2.945,3.168,47.8,53.1,40.8,-14.3
2025-06-19,2.296,2.472,2.475,2.642,2.877,2.842,2.747,2.608,2.855,2.951,3.168,47.6,52.6,40.2,-13.0
2025-06-20,2.296,2.461,2.457,2.632,2.857,2.837,2.745,2.604,2.832,2.933,3.155,47.6,52.3,40.0,-11.2
2025-06-23,2.311,2.5,2.495,2.66,2.867,2.865,2.766,2.624,2.875,2.966,3.176,47.1,51.6,37.2,-10.1
2025-06-24,2.321,2.46,2.458,2.612,2.82,2.83,2.74,2.617,2.842,2.93,3.126,47.2,51.4,36.2,-8.0
2025-06-25,2.325,2.462,2.462,2.62,2.82,2.823,2.732,2.624,2.842,2.93,3.13,46.8,51.0,35.8,-8.8
2025-06-26,2.324,2.447,2.45,2.585,2.775,2.777,2.682,2.635,2.827,2.915,3.091,46.5,50.6,32.5,-9.3
2025-06-27,2.322,2.461,2.455,2.59,2.785,2.815,2.73,2.636,2.825,2.916,3.095,46.1,50.5,33.0,-5.5
2025-06-30,2.319,2.445,2.455,2.592,2.807,2.837,2.75,2.625,2.817,2.91,3.095,45.5,50.3,35.2,-5.7
2025-07-01,2.311,2.441,2.452,2.577,2.785,2.785,2.695,2.617,2.812,2.907,3.08,45.5,50.3,33.3,-9.0
2025-07-02,2.312,2.46,2.49,2.623,2.835,2.827,2.723,2.611,2.839,2.942,3.125,45.2,50.2,34.5,-11.2
2025-07-03,2.305,2.425,2.445,2.59,2.81,2.806,2.712,2.601,2.818,2.897,3.091,45.2,50.1,36.5,-9.8
2025-07-04,2.312,2.447,2.472,2.625,2.833,2.83,2.732,2.61,2.838,2.923,3.126,45.1,50.1,36.1,-10.1
2025-07-07,2.31,2.449,2.482,2.633,2.84,2.845,2.75,2.604,2.841,2.931,3.133,44.9,50.0,35.8,-9.0
2025-07-08,2.31,2.438,2.477,2.632,2.852,2.847,2.75,2.597,2.838,2.927,3.131,45.0,49.9,37.5,-10.2
2025-07-09,2.31,2.432,2.475,2.632,2.847,2.841,2.742,2.59,2.834,2.924,3.131,44.9,49.9,37.2,-10.5
2025-07-10,2.3,2.4,2.427,2.589,2.807,2.812,2.722,2.583,2.804,2.876,3.088,44.9,49.9,38.0,-8.5
2025-07-11,2.308,2.419,2.447,2.605,2.83,2.81,2.715,2.59,2.811,2.891,3.101,44.4,49.6,38.3,-11.5
2025-07-14,2.31,2.44,2.475,2.655,2.887,2.86,2.76,2.612,2.831,2.918,3.147,44.3,49.2,41.2,-12.7
2025-07-15,2.309,2.423,2.46,2.647,2.88,2.85,2.747,2.617,2.825,2.904,3.139,44.4,49.2,42.0,-13.3
2025-07-16,2.315,2.421,2.455,2.637,2.872,2.852,2.755,2.62,2.829,2.901,3.129,44.6,49.2,41.7,-11.7
2025-07-17,2.327,2.44,2.482,2.67,2.907,2.883,2.787,2.623,2.851,2.928,3.161,44.6,49.1,42.5,-12.0
2025-07-18,2.327,2.431,2.472,2.647,2.872,2.867,2.767,2.626,2.837,2.918,3.137,44.6,49.0,40.0,-10.5
2025-07-21,2.337,2.417,2.455,2.626,2.852,2.855,2.755,2.623,2.819,2.901,3.116,44.6,49.0,39.7,-9.7
2025-07-22,2.335,2.418,2.461,2.622,2.835,2.83,2.74,2.612,2.815,2.905,3.111,44.4,48.9,37.4,-9.5
2025-07-23,2.32,2.415,2.452,2.612,2.827,2.828,2.74,2.611,2.808,2.896,3.102,44.4,49.0,37.5,-8.7
2025-07-24,2.305,2.424,2.47,2.627,2.852,2.847,2.757,2.613,2.816,2.914,3.118,44.4,49.1,38.2,-9.5
2025-07-25,2.291,2.424,2.482,2.635,2.855,2.842,2.752,2.614,2.816,2.925,3.125,44.3,49.0,37.3,-10.3
2025-07-28,2.284,2.401,2.46,2.61,2.825,2.827,2.737,2.598,2.788,2.904,3.1,44.4,49.0,36.5,-8.8
2025-07-29,2.282,2.387,2.457,2.607,2.816,2.83,2.737,2.586,2.777,2.901,3.096,44.4,48.9,35.9,-7.9
2025-07-30,2.279,2.394,2.457,2.597,2.797,2.815,2.717,2.581,2.783,2.898,3.085,44.1,48.8,34.0,-8.0
2025-07-31,2.278,2.397,2.458,2.591,2.79,2.81,2.712,2.579,2.782,2.893,3.08,43.5,48.9,33.2,-7.8
2025-08-01,2.281,2.417,2.475,2.625,2.835,2.85,2.754,2.579,2.8,2.907,3.114,43.2,48.9,36.0,-8.1
2025-08-04,2.268,2.359,2.42,2.565,2.775,2.8,2.71,2.571,2.758,2.855,3.057,43.5,49.2,35.5,-6.5
2025-08-05,2.268,2.358,2.427,2.562,2.765,2.787,2.697,2.573,2.761,2.862,3.055,43.5,49.3,33.8,-6.8
2025-08-06,2.26,2.355,2.425,2.57,2.78,2.805,2.717,2.578,2.767,2.86,3.062,43.5,49.2,35.5,-6.3
2025-08-07,2.258,2.339,2.4,2.545,2.762,2.782,2.697,2.573,2.754,2.836,3.038,43.6,49.3,36.2,-6.5
2025-08-08,2.257,2.347,2.407,2.553,2.772,2.786,2.697,2.569,2.762,2.843,3.046,43.6,49.3,36.5,-7.5
2025-08-11,2.264,2.361,2.42,2.567,2.785,2.795,2.697,2.572,2.769,2.856,3.06,43.6,49.3,36.5,-8.8
2025-08-12,2.266,2.373,2.43,2.58,2.8,2.819,2.722,2.569,2.776,2.865,3.069,43.5,48.9,37.0,-7.8
2025-08-13,2.26,2.357,2.412,2.565,2.8,2.825,2.737,2.572,2.759,2.848,3.054,43.6,48.9,38.8,-6.3
2025-08-14,2.25,2.342,2.392,2.545,2.782,2.817,2.72,2.564,2.749,2.828,3.034,43.6,48.9,39.0,-6.2
2025-08-18,2.266,2.37,2.422,2.59,2.835,2.86,2.755,2.566,2.775,2.858,3.08,43.6,49.0,41.3,-8.0
2025-08-19,2.258,2.371,2.442,2.61,2.857,2.87,2.767,2.57,2.775,2.876,3.099,43.4,48.9,41.5,-9.0
2025-08-20,2.261,2.37,2.437,2.605,2.847,2.86,2.755,2.564,2.762,2.869,3.092,43.2,48.7,41.0,-9.2
2025-08-21,2.258,2.37,2.437,2.602,2.842,2.85,2.75,2.568,2.755,2.867,3.088,43.0,48.6,40.5,-9.2
2025-08-22,2.258,2.38,2.455,2.627,2.86,2.867,2.765,2.569,2.757,2.882,3.111,42.7,48.4,40.5,-9.5
2025-08-25,2.243,2.359,2.435,2.602,2.852,2.865,2.77,2.565,2.743,2.862,3.085,42.7,48.3,41.7,-8.2
2025-08-26,2.238,2.345,2.417,2.591,2.855,2.881,2.785,2.565,2.728,2.844,3.074,42.7,48.3,43.8,-7.0
2025-08-27,2.239,2.331,2.397,2.565,2.822,2.858,2.76,2.578,2.719,2.824,3.047,42.7,48.2,42.5,-6.2
2025-08-28,2.241,2.34,2.415,2.577,2.815,2.865,2.77,2.582,2.724,2.838,3.057,42.3,48.0,40.0,-4.5
2025-08-29,2.246,2.349,2.427,2.581,2.813,2.852,2.757,2.587,2.734,2.849,3.061,42.2,48.0,38.6,-5.6
2025-09-01,2.252,2.36,2.432,2.596,2.847,2.879,2.78,2.588,2.739,2.854,3.077,42.2,48.1,41.5,-6.7
2025-09-02,2.264,2.38,2.447,2.615,2.872,2.898,2.795,2.588,2.744,2.868,3.096,42.1,48.1,42.5,-7.7
2025-09-03,2.276,2.4,2.47,2.655,2.911,2.93,2.822,2.593,2.764,2.89,3.135,42.0,48.0,44.1,-8.9
2025-09-04,2.284,2.402,2.47,2.64,2.88,2.902,2.795,2.605,2.768,2.885,3.12,41.5,48.0,41.0,-8.5
2025-09-05,2.292,2.402,2.465,2.627,2.867,2.892,2.79,2.608,2.771,2.879,3.107,41.4,48.0,40.2,-7.7
2025-09-08,2.29,2.405,2.452,2.612,2.857,2.882,2.782,2.607,2.77,2.867,3.092,41.5,48.0,40.5,-7.5
2025-09-09,2.284,2.393,2.422,2.585,2.827,2.857,2.755,2.608,2.754,2.833,3.06,41.1,47.5,40.5,-7.2
2025-09-10,2.284,2.412,2.42,2.557,2.83,2.81,2.746,2.602,2.752,2.831,3.056,41.1,49.9,41.0,-8.4
2025-09-11,2.27,2.395,2.412,2.552,2.812,2.799,2.732,2.603,2.741,2.823,3.05,41.1,49.8,40.0,-8.0
2025-09-12,2.267,2.403,2.43,2.565,2.815,2.8,2.727,2.599,2.75,2.839,3.059,40.9,49.4,38.5,-8.8
2025-09-15,2.268,2.411,2.44,2.581,2.82,2.805,2.725,2.599,2.757,2.849,3.074,40.9,49.3,38.0,-9.5
2025-09-16,2.266,2.385,2.411,2.56,2.797,2.79,2.697,2.597,2.729,2.82,3.052,40.9,49.2,38.6,-10.0
2025-09-17,2.263,2.38,2.41,2.555,2.775,2.775,2.69,2.602,2.731,2.817,3.046,40.7,49.1,36.5,-8.5
2025-09-18,2.265,2.365,2.4,2.54,2.751,2.751,2.655,2.605,2.725,2.806,3.03,40.6,49.0,35.1,-9.6
2025-09-19,2.273,2.389,2.437,2.58,2.812,2.788,2.692,2.617,2.747,2.841,3.069,40.4,48.9,37.5,-12.0
2025-09-22,2.282,2.408,2.457,2.6,2.83,2.8,2.705,2.631,2.759,2.859,3.089,40.2,48.9,37.3,-12.5
2025-09-23,2.275,2.412,2.46,2.595,2.81,2.792,2.702,2.635,2.765,2.86,3.082,40.0,48.7,35.0,-10.8
2025-09-24,2.279,2.425,2.485,2.626,2.847,2.815,2.732,2.65,2.784,2.883,3.111,39.8,48.5,36.2,-11.5
2025-09-25,2.282,2.47,2.53,2.675,2.885,2.835,2.767,2.676,2.819,2.927,3.16,39.7,48.5,35.5,-11.8
2025-09-26,2.295,2.497,2.56,2.712,2.935,2.87,2.815,2.695,2.841,2.953,3.195,39.3,48.3,37.5,-12.0
2025-09-29,2.295,2.515,2.565,2.72,2.936,2.89,2.819,2.699,2.849,2.956,3.201,39.1,48.1,37.1,-11.7
2025-09-30,2.305,2.52,2.582,2.732,2.94,2.897,2.827,2.708,2.854,2.974,3.212,39.2,48.0,35.8,-11.3
2025-10-01,2.308,2.535,2.6,2.752,2.967,2.916,2.84,2.714,2.857,2.992,3.231,39.2,47.9,36.7,-12.7
2025-10-02,2.314,2.513,2.577,2.722,2.958,2.902,2.822,2.711,2.843,2.969,3.198,39.2,47.6,38.1,-13.6
2025-10-10,2.316,2.515,2.585,2.721,2.957,2.905,2.817,2.709,2.844,2.977,3.197,39.2,47.6,37.2,-14.0
2025-10-13,2.308,2.485,2.552,2.675,2.907,2.863,2.772,2.698,2.825,2.944,3.151,39.2,47.6,35.5,-13.5
2025-10-14,2.296,2.475,2.532,2.642,2.861,2.83,2.746,2.691,2.812,2.924,3.118,39.2,47.6,32.9,-11.5
2025-10-15,2.289,2.468,2.522,2.636,2.858,2.822,2.747,2.687,2.8,2.913,3.112,39.1,47.6,33.6,-11.1
2025-10-16,2.3,2.515,2.58,2.692,2.92,2.875,2.807,2.693,2.835,2.963,3.162,38.3,47.0,34.0,-11.3
2025-10-17,2.295,2.484,2.54,2.655,2.872,2.843,2.767,2.682,2.807,2.92,3.125,38.0,47.0,33.2,-10.5
2025-10-20,2.313,2.51,2.575,2.697,2.892,2.856,2.787,2.69,2.834,2.953,3.166,37.8,46.9,31.7,-10.5
2025-10-21,2.333,2.542,2.605,2.715,2.905,2.872,2.792,2.705,2.867,2.982,3.185,37.7,47.0,30.0,-11.3
2025-10-22,2.332,2.511,2.555,2.67,2.86,2.835,2.76,2.701,2.829,2.932,3.14,37.7,47.0,30.5,-10.0
2025-10-23,2.364,2.55,2.6,2.72,2.912,2.887,2.807,2.716,2.862,2.977,3.189,37.7,46.9,31.2,-10.5
2025-10-24,2.364,2.532,2.58,2.71,2.91,2.892,2.81,2.722,2.847,2.956,3.173,37.6,46.3,33.0,-10.0
2025-10-27,2.377,2.555,2.62,2.757,2.96,2.945,2.855,2.734,2.882,2.992,3.216,37.2,45.9,34.0,-10.5
2025-10-28,2.385,2.575,2.635,2.755,2.937,2.93,2.84,2.736,2.897,3.006,3.212,37.1,45.7,30.2,-9.7
2025-10-29,2.408,2.602,2.675,2.795,2.98,2.967,2.882,2.771,2.935,3.038,3.248,36.3,45.3,30.5,-9.8
2025-10-30,2.446,2.655,2.737,2.86,3.055,3.041,2.957,2.822,2.988,3.098,3.31,36.1,45.0,31.8,-9.8
2025-10-31,2.446,2.632,2.712,2.855,3.058,3.075,2.99,2.817,2.968,3.072,3.304,36.0,44.9,34.6,-6.8
2025-11-03,2.465,2.67,2.742,2.895,3.095,3.095,3.015,2.841,2.999,3.096,3.34,35.4,44.5,35.3,-8.0
2025-11-04,2.463,2.661,2.73,2.88,3.082,3.106,3.03,2.841,2.993,3.082,3.324,35.2,44.4,35.2,-5.2
2025-11-05,2.482,2.695,2.767,2.921,3.13,3.132,3.055,2.859,3.028,3.119,3.364,35.2,44.3,36.3,-7.5
2025-11-06,2.518,2.755,2.843,3.0,3.212,3.199,3.127,2.905,3.083,3.194,3.442,35.1,44.2,36.9,-8.5
2025-11-07,2.529,2.8,2.895,3.04,3.22,3.215,3.136,2.938,3.137,3.249,3.482,35.4,44.2,32.5,-8.4
2025-11-10,2.524,2.78,2.862,3.032,3.229,3.221,3.145,2.935,3.127,3.226,3.474,36.4,44.2,36.7,-8.4
2025-11-11,2.511,2.747,2.822,2.982,3.192,3.195,3.123,2.924,3.107,3.194,3.428,37.2,44.6,37.0,-6.9
2025-11-12,2.516,2.817,2.91,3.06,3.26,3.27,3.187,2.955,3.19,3.283,3.506,37.3,44.6,35.0,-7.3
2025-11-13,2.517,2.826,2.927,3.085,3.261,3.25,3.172,2.969,3.204,3.302,3.531,37.5,44.6,33.4,-8.9
2025-11-14,2.52,2.826,2.955,3.138,3.33,3.322,3.252,2.977,3.233,3.334,3.584,37.9,44.6,37.5,-7.8
2025-11-17,2.486,2.8,2.907,3.102,3.302,3.3,3.237,2.958,3.212,3.301,3.553,39.4,45.1,39.5,-6.5
2025-11-18,2.463,2.755,2.865,3.062,3.259,3.27,3.212,2.959,3.187,3.272,3.516,40.7,45.4,39.4,-4.7
2025-11-19,2.453,2.743,2.87,3.072,3.282,3.288,3.229,2.964,3.176,3.281,3.526,41.1,45.4,41.2,-5.3
2025-11-20,2.455,2.743,2.912,3.12,3.332,3.327,3.264,2.979,3.207,3.329,3.574,41.7,45.4,42.0,-6.8
2025-11-21,2.448,2.697,2.872,3.077,3.275,3.275,3.222,2.967,3.161,3.29,3.53,41.8,45.3,40.3,-5.3
2025-11-24,2.447,2.715,2.905,3.107,3.29,3.285,3.22,2.969,3.179,3.322,3.561,41.7,45.4,38.5,-7.0
2025-11-25,2.449,2.725,2.903,3.1,3.264,3.245,3.172,2.973,3.187,3.322,3.555,41.9,45.5,36.1,-9.2
2025-11-26,2.453,2.732,2.895,3.082,3.25,3.235,3.165,2.978,3.2,3.315,3.537,42.0,45.5,35.5,-8.5
2025-11-27,2.496,2.85,3.02,3.197,3.354,3.325,3.245,3.019,3.313,3.438,3.651,41.8,45.4,33.4,-10.9
2025-11-28,2.497,2.825,2.99,3.17,3.345,3.31,3.217,3.027,3.29,3.412,3.625,42.2,45.5,35.5,-12.8
2025-12-01,2.514,2.88,3.042,3.232,3.389,3.35,3.257,3.06,3.337,3.465,3.686,42.3,45.4,34.7,-13.2
2025-12-02,2.511,2.86,3.02,3.207,3.345,3.34,3.252,3.061,3.32,3.442,3.662,42.2,45.5,32.5,-9.3
2025-12-03,2.513,2.867,3.037,3.24,3.365,3.362,3.261,3.072,3.334,3.458,3.694,42.1,45.4,32.8,-10.4
2025-12-04,2.509,2.848,3.025,3.225,3.375,3.35,3.255,3.084,3.303,3.448,3.678,42.3,45.3,35.0,-12.0
2025-12-05,2.507,2.816,2.99,3.192,3.351,3.312,3.201,3.085,3.281,3.414,3.646,42.4,45.4,36.1,-15.0
2025-12-08,2.514,2.845,3.032,3.24,3.402,3.335,3.212,3.095,3.308,3.457,3.694,42.5,45.4,37.0,-19.0
2025-12-09,2.533,2.882,3.083,3.305,3.452,3.375,3.242,3.112,3.351,3.509,3.759,42.6,45.4,36.9,-21.0
2025-12-10,2.587,2.9,3.085,3.34,3.37,3.381,3.275,3.117,3.366,3.54,3.794,45.5,45.4,28.5,-9.5
2025-12-11,2.586,2.91,3.1,3.36,3.366,3.365,3.257,3.119,3.37,3.555,3.814,45.5,45.4,26.6,-10.9
2025-12-12,2.587,2.898,3.085,3.346,3.411,3.335,3.238,3.117,3.334,3.539,3.799,45.4,45.3,32.6,-17.3
2025-12-15,2.567,2.821,2.991,3.255,3.333,3.263,3.171,3.075,3.257,3.456,3.716,46.5,46.1,34.2,-16.2
2025-12-16,2.552,2.834,3.001,3.245,3.315,3.264,3.182,3.085,3.282,3.467,3.705,46.6,46.0,31.4,-13.3
2025-12-17,2.558,2.83,2.995,3.225,3.322,3.291,3.21,3.079,3.276,3.463,3.686,46.8,46.1,32.7,-11.2
2025-12-18,2.555,2.795,2.965,3.2,3.31,3.319,3.243,3.073,3.246,3.432,3.661,46.7,46.1,34.5,-6.7
2025-12-19,2.591,2.837,3.015,3.247,3.354,3.34,3.259,3.102,3.287,3.478,3.706,46.3,45.9,33.9,-9.5
2025-12-22,2.572,2.811,2.995,3.245,3.365,3.335,3.25,3.089,3.262,3.461,3.704,46.6,45.9,37.0,-11.5
2025-12-23,2.562,2.796,2.96,3.24,3.377,3.353,3.261,3.08,3.239,3.427,3.699,46.7,45.9,41.7,-11.6
2025-12-24,2.56,2.781,2.942,3.212,3.347,3.33,3.243,3.076,3.232,3.412,3.673,47.0,46.1,40.5,-10.4
2025-12-26,2.56,2.8,2.96,3.243,3.38,3.358,3.27,3.08,3.247,3.428,3.703,46.8,46.0,42.0,-11.0
2025-12-29,2.55,2.783,2.939,3.227,3.354,3.328,3.235,3.091,3.246,3.407,3.687,46.8,46.0,41.5,-11.9
2025-12-30,2.55,2.793,2.95,3.235,3.384,3.347,3.251,3.108,3.253,3.415,3.694,46.5,45.9,43.4,-13.3
2025-12-31,2.55,2.793,2.95,3.235,3.384,3.347,3.251,3.108,3.253,3.415,3.694,46.5,45.9,43.4,-13.3
2026-01-02,2.535,2.79,2.925,3.235,3.384,3.346,3.256,3.088,3.242,3.385,3.693,46.0,45.8,45.9,-12.8
2026-01-05,2.532,2.799,2.927,3.242,3.395,3.375,3.275,3.064,3.254,3.384,3.697,45.7,45.5,46.8,-12.0
2026-01-06,2.515,2.822,2.948,3.247,3.4,3.357,3.247,3.052,3.264,3.401,3.702,45.3,45.5,45.2,-15.3
2026-01-07,2.505,2.803,2.907,3.187,3.357,3.319,3.225,3.038,3.235,3.359,3.642,45.2,45.5,45.0,-13.2
2026-01-08,2.505,2.795,2.909,3.165,3.345,3.326,3.235,3.033,3.23,3.359,3.621,45.0,45.6,43.6,-11.0
2026-01-09,2.506,2.813,2.94,3.192,3.386,3.36,3.257,3.028,3.251,3.388,3.645,44.8,45.3,44.6,-12.9
2026-01-12,2.511,2.822,2.98,3.212,3.395,3.347,3.245,3.024,3.257,3.425,3.663,44.5,45.1,41.5,-15.0
2026-01-13,2.523,2.832,2.998,3.242,3.417,3.375,3.277,3.018,3.265,3.438,3.69,44.0,44.8,41.9,-14.0
2026-01-14,2.536,2.824,2.995,3.24,3.42,3.377,3.277,3.013,3.251,3.432,3.684,43.7,44.4,42.5,-14.3
2026-01-15,2.562,2.882,3.085,3.32,3.5,3.437,3.326,3.04,3.307,3.519,3.762,43.4,44.2,41.5,-17.4
2026-01-16,2.577,2.875,3.081,3.322,3.5,3.428,3.322,3.039,3.308,3.517,3.762,43.6,44.0,41.9,-17.8
2026-01-19,2.588,2.907,3.13,3.392,3.565,3.495,3.386,3.046,3.336,3.564,3.832,43.4,44.0,43.5,-17.9
2026-01-20,2.597,2.932,3.183,3.479,3.646,3.604,3.495,3.051,3.361,3.617,3.918,43.4,43.9,46.3,-15.1
2026-01-21,2.603,2.89,3.13,3.427,3.597,3.575,3.47,3.053,3.331,3.571,3.87,44.1,44.3,46.7,-12.7
2026-01-22,2.618,2.86,3.097,3.387,3.551,3.533,3.42,3.058,3.311,3.54,3.832,44.3,44.5,45.4,-13.1
2026-01-23,2.643,2.89,3.13,3.412,3.58,3.579,3.46,3.079,3.342,3.574,3.856,44.4,44.4,45.0,-12.0
2026-01-26,2.658,2.87,3.092,3.382,3.545,3.575,3.454,3.1,3.326,3.537,3.827,44.5,44.5,45.3,-9.1
2026-01-27,2.686,2.87,3.089,3.375,3.527,3.545,3.44,3.118,3.334,3.535,3.818,44.6,44.3,43.8,-8.7
2026-01-28,2.681,2.855,3.065,3.354,3.517,3.53,3.437,3.122,3.341,3.516,3.798,45.1,44.4,45.2,-8.0
2026-01-29,2.685,2.889,3.105,3.397,3.562,3.572,3.487,3.143,3.387,3.564,3.841,45.9,44.4,45.7,-7.5
2026-01-30,2.688,2.918,3.142,3.442,3.611,3.597,3.525,3.179,3.42,3.603,3.887,46.1,44.5,46.9,-8.6
2026-02-02,2.693,2.935,3.155,3.45,3.604,3.61,3.526,3.195,3.436,3.621,3.898,46.6,44.8,44.9,-7.8
2026-02-03,2.7,2.972,3.19,3.492,3.662,3.675,3.59,3.22,3.489,3.659,3.941,46.9,44.9,47.2,-7.2
2026-02-04,2.702,2.993,3.222,3.535,3.72,3.72,3.632,3.237,3.536,3.698,3.984,47.6,44.9,49.8,-8.8
2026-02-05,2.701,2.975,3.204,3.505,3.692,3.704,3.61,3.249,3.534,3.694,3.963,49.0,45.8,48.8,-8.2
2026-02-06,2.699,3.0,3.24,3.53,3.717,3.721,3.617,3.261,3.565,3.733,3.99,49.3,46.0,47.7,-10.0
2026-02-09,2.695,2.991,3.268,3.557,3.76,3.745,3.647,3.27,3.564,3.76,4.017,49.2,46.0,49.2,-11.3
2026-02-10,2.683,2.935,3.222,3.49,3.681,3.704,3.61,3.267,3.536,3.73,3.959,50.8,46.9,45.9,-7.1
2026-02-11,2.671,2.915,3.2,3.457,3.634,3.68,3.59,3.269,3.512,3.713,3.931,51.3,47.4,43.4,-4.4
2026-02-12,2.66,2.886,3.15,3.42,3.615,3.655,3.569,3.246,3.486,3.677,3.901,52.7,48.1,46.5,-4.6
2026-02-13,2.642,2.87,3.14,3.39,3.565,3.599,3.514,3.21,3.478,3.67,3.875,53.0,48.5,42.5,-5.1
2026-02-19,2.646,2.9,3.176,3.425,3.585,3.62,3.535,3.213,3.508,3.706,3.908,53.0,48.3,40.9,-5.0
2026-02-20,2.645,2.87,3.14,3.386,3.537,3.568,3.474,3.206,3.476,3.675,3.872,53.5,48.6,39.7,-6.3
2026-02-23,2.647,2.88,3.155,3.405,3.576,3.6,3.511,3.212,3.478,3.691,3.891,53.6,48.6,42.1,-6.5
2026-02-24,2.66,2.88,3.155,3.407,3.588,3.62,3.537,3.214,3.482,3.691,3.892,53.6,48.5,43.3,-5.1
2026-02-25,2.68,2.865,3.122,3.382,3.557,3.6,3.525,3.212,3.46,3.662,3.869,54.0,48.7,43.5,-3.2
2026-02-26,2.687,2.825,3.064,3.315,3.472,3.53,3.442,3.209,3.418,3.61,3.805,54.6,49.0,40.8,-3.0
2026-02-27,2.695,2.815,3.04,3.275,3.444,3.509,3.421,3.203,3.404,3.588,3.769,54.8,49.4,40.4,-2.3
2026-03-03,2.739,2.969,3.185,3.43,3.62,3.657,3.578,3.254,3.529,3.732,3.924,54.7,49.4,43.5,-4.2
2026-03-04,2.747,2.979,3.225,3.475,3.636,3.636,3.55,3.259,3.573,3.771,3.969,54.6,49.4,41.1,-8.6
2026-03-05,2.74,2.95,3.18,3.425,3.579,3.586,3.49,3.25,3.539,3.727,3.919,54.7,49.4,39.9,-8.9
2026-03-06,2.754,2.97,3.222,3.472,3.617,3.615,3.517,3.255,3.577,3.769,3.965,54.7,49.3,39.5,-10.0
2026-03-09,2.802,3.098,3.4,3.639,3.741,3.7,3.593,3.304,3.742,3.944,4.126,54.4,48.7,34.1,-14.8
2026-03-10,2.832,3.156,3.28,3.505,3.618,3.62,3.505,3.268,3.615,3.829,4.005,54.9,50.0,33.8,-11.3
2026-03-11,2.808,3.126,3.25,3.47,3.612,3.615,3.505,3.26,3.604,3.799,3.971,54.9,50.1,36.2,-10.7
2026-03-12,2.818,3.135,3.264,3.482,3.648,3.65,3.558,3.272,3.61,3.815,3.984,55.1,50.2,38.4,-9.0
2026-03-13,2.834,3.19,3.332,3.56,3.7,3.705,3.6,3.287,3.673,3.88,4.058,54.8,49.8,36.8,-10.0
2026-03-16,2.825,3.175,3.306,3.562,3.68,3.69,3.587,3.275,3.658,3.855,4.058,54.9,49.6,37.4,-9.3
2026-03-17,2.835,3.185,3.326,3.582,3.7,3.694,3.576,3.275,3.666,3.875,4.078,54.9,49.6,37.4,-12.4
2026-03-18,2.83,3.146,3.264,3.517,3.61,3.63,3.506,3.267,3.628,3.817,4.014,55.3,49.7,34.6,-10.4
2026-03-19,2.882,3.211,3.328,3.579,3.685,3.671,3.557,3.288,3.684,3.882,4.077,55.4,49.8,35.7,-12.8
2026-03-20,2.957,3.31,3.412,3.615,3.735,3.698,3.585,3.332,3.779,3.965,4.115,55.3,50.0,32.3,-15.0
2026-03-23,3.027,3.52,3.63,3.837,3.884,3.835,3.725,3.389,3.995,4.183,4.336,55.3,49.9,25.4,-15.9
2026-03-24,3.008,3.446,3.532,3.755,3.838,3.822,3.701,3.391,3.949,4.093,4.255,56.1,50.0,30.6,-13.7
2026-03-25,3.039,3.475,3.555,3.782,3.854,3.835,3.717,3.416,3.976,4.12,4.281,56.5,49.9,29.9,-13.7
2026-03-26,3.049,3.454,3.545,3.788,3.85,3.875,3.759,3.47,3.967,4.113,4.287,56.8,49.9,30.5,-9.1
2026-03-27,3.067,3.507,3.592,3.84,3.925,3.932,3.819,3.509,4.021,4.169,4.337,57.7,49.7,33.3,-10.6
2026-03-30,3.06,3.47,3.542,3.8,3.895,3.895,3.79,3.508,3.987,4.123,4.297,58.1,49.7,35.3,-10.5
2026-03-31,3.056,3.485,3.555,3.771,3.877,3.863,3.77,3.51,3.999,4.139,4.27,58.4,49.9,32.2,-10.7
2026-04-01,2.995,3.325,3.37,3.567,3.69,3.68,3.61,3.455,3.868,3.967,4.077,59.7,51.0,32.0,-8.0
2026-04-02,3.018,3.389,3.475,3.67,3.795,3.75,3.701,3.459,3.949,4.073,4.181,59.8,51.1,32.0,-9.4
2026-04-03,3.009,3.36,3.444,3.618,3.744,3.69,3.622,3.451,3.919,4.042,4.133,59.8,51.5,30.0,-12.2
2026-04-06,2.997,3.337,3.43,3.592,3.725,3.687,3.611,3.442,3.9,4.03,4.111,60.0,51.9,29.5,-11.4
2026-04-07,2.994,3.332,3.445,3.617,3.755,3.725,3.637,3.449,3.905,4.05,4.135,60.5,51.8,31.0,-11.8
2026-04-08,2.907,3.201,3.319,3.479,3.632,3.612,3.53,3.369,3.78,3.932,4.003,61.3,52.4,31.3,-10.2
2026-04-09,2.908,3.2,3.329,3.483,3.655,3.641,3.572,3.384,3.792,3.945,4.011,61.6,52.8,32.6,-8.3
2026-04-10,2.917,3.225,3.357,3.514,3.685,3.645,3.569,3.393,3.815,3.974,4.042,61.7,52.8,32.8,-11.6
2026-04-13,2.921,3.242,3.38,3.55,3.712,3.677,3.601,3.4,3.836,3.997,4.076,61.7,52.6,33.2,-11.1
2026-04-14,2.916,3.203,3.337,3.516,3.652,3.63,3.537,3.389,3.797,3.955,4.041,61.8,52.5,31.5,-11.5
2026-04-15,2.924,3.2,3.332,3.52,3.655,3.622,3.532,3.383,3.797,3.952,4.045,62.0,52.5,32.3,-12.3
2026-04-16,2.925,3.2,3.337,3.54,3.671,3.632,3.54,3.383,3.797,3.957,4.065,62.0,52.5,33.4,-13.1
2026-04-17,2.93,3.229,3.37,3.577,3.715,3.677,3.579,3.385,3.817,3.989,4.102,61.9,52.5,34.5,-13.6
2026-04-20,2.925,3.215,3.347,3.567,3.685,3.65,3.567,3.381,3.802,3.966,4.09,61.9,52.3,33.8,-11.8
